Router ID,MAC Address,Fecha,Horario,Activa,Direccion IP
RNO037-01,1111111,10/11/2022,06:58:25,0,1111111111
LAP065-01,1111112,25/11/2022,18:39:28,0,1111111112
BUE031-06,1111113,22/11/2022,00:32:09,1,1111111113
MZA011-01,1111114,20/11/2022,04:46:59,0,1111111114
SFE227-03,1111115,18/11/2022,12:01:43,0,1111111115
SFE115-01,1111116,07/11/2022,22:11:52,1,1111111116
SCR016-02,1111117,23/11/2022,23:30:23,0,1111111117
ERI041-01,1111118,03/11/2022,10:48:30,0,1111111118
ERI016-01,1111119,15/11/2022,06:06:56,0,1111111119
MZA006-01,1111120,01/12/2022,13:16:42,1,1111111120
CAT005-02,1111121,12/11/2022,10:40:37,1,1111111121
CBA315-01,1111122,29/11/2022,07:25:15,0,1111111122
CHA002-03,1111123,09/11/2022,12:35:03,0,1111111123
BUE089-08,1111124,20/11/2022,18:55:44,1,1111111124
CBA095-01,1111125,21/11/2022,16:09:59,1,1111111125
RNO057-01,1111126,11/11/2022,23:57:37,1,1111111126
BUE089-02,1111127,20/11/2022,21:11:22,0,1111111127
SFE335-01,1111128,07/11/2022,23:38:58,0,1111111128
BUE007-02,1111129,02/11/2022,20:06:36,1,1111111129
BUE120-01,1111130,15/11/2022,14:25:25,1,1111111130
MZA017-01,1111131,05/11/2022,10:30:36,1,1111111131
JUJ013-01,1111132,12/11/2022,04:02:19,0,1111111132
MIS059-03,1111133,04/11/2022,18:34:00,1,1111111133
BUE056-03,1111134,05/11/2022,20:17:17,0,1111111134
JUJ002-02,1111135,21/11/2022,21:52:44,1,1111111135
CHU022-03,1111136,12/11/2022,05:57:19,1,1111111136
LRJ006-01,1111137,21/11/2022,15:08:12,1,1111111137
BUE076-02,1111138,20/11/2022,15:24:25,0,1111111138
TUC071-01,1111139,29/11/2022,18:08:01,0,1111111139
BUE101-05,1111140,04/11/2022,16:59:38,0,1111111140
CHA068-01,1111141,01/12/2022,01:58:29,1,1111111141
MIS068-01,1111142,26/11/2022,23:43:39,0,1111111142
SFE143-01,1111143,21/11/2022,05:36:06,0,1111111143
MZA013-02,1111144,25/11/2022,02:32:22,1,1111111144
TUC100-02,1111145,28/11/2022,05:17:48,0,1111111145
JUJ002-01,1111146,08/11/2022,17:47:22,0,1111111146
MZA010-02,1111147,11/11/2022,05:12:43,1,1111111147
SFE305-03,1111148,11/11/2022,12:35:58,1,1111111148
CBA381-02,1111149,11/11/2022,14:23:43,1,1111111149
RNO068-01,1111150,18/11/2022,06:21:48,0,1111111150
CHU031-01,1111151,22/11/2022,05:34:38,1,1111111151
CBA376-02,1111152,26/11/2022,15:05:46,1,1111111152
SGO119-01,1111153,28/11/2022,13:40:50,0,1111111153
CBA384-01,1111154,03/11/2022,06:51:12,0,1111111154
BUE073-01,1111155,08/11/2022,16:17:50,1,1111111155
SLU005-01,1111156,25/11/2022,12:59:12,0,1111111156
BUE016-02,1111157,01/11/2022,20:06:51,0,1111111157
JUJ024-01,1111158,20/11/2022,16:27:38,0,1111111158
BUE101-08,1111159,18/11/2022,03:40:26,0,1111111159
BUE016-03,1111160,08/11/2022,07:47:44,1,1111111160
SCR006-01,1111161,25/11/2022,02:16:06,0,1111111161
ERI032-01,1111162,09/11/2022,15:21:46,0,1111111162
CBA107-03,1111163,15/11/2022,18:27:56,0,1111111163
CHA024-01,1111164,03/11/2022,01:42:23,0,1111111164
CHA018-01,1111165,28/11/2022,01:24:04,0,1111111165
CBA158-03,1111166,12/11/2022,17:35:13,0,1111111166
NEU045-01,1111167,15/11/2022,08:00:13,0,1111111167
RNO053-01,1111168,09/11/2022,02:25:22,0,1111111168
COR071-01,1111169,10/11/2022,12:20:41,0,1111111169
BUE066-01,1111170,20/11/2022,04:51:06,1,1111111170
TUC007-02,1111171,23/11/2022,19:20:07,1,1111111171
MIS070-01,1111172,24/11/2022,11:45:04,0,1111111172
MZA013-06,1111173,23/11/2022,22:19:32,1,1111111173
RNO033-01,1111174,17/11/2022,15:59:33,0,1111111174
SFE067-01,1111175,07/11/2022,14:21:26,1,1111111175
SFE284-01,1111176,26/11/2022,08:58:35,1,1111111176
LAP067-01,1111177,03/11/2022,16:12:05,1,1111111177
NEU025-14,1111178,06/11/2022,00:12:38,0,1111111178
BUE080-01,1111179,23/11/2022,07:35:57,1,1111111179
BUE088-01,1111180,16/11/2022,07:18:23,1,1111111180
CHU008-01,1111181,01/12/2022,19:50:08,1,1111111181
CBA264-01,1111182,02/11/2022,21:38:21,0,1111111182
BUE014-02,1111183,17/11/2022,11:10:54,0,1111111183
BUE035-01,1111184,23/11/2022,04:03:58,1,1111111184
BUE105-03,1111185,01/12/2022,02:39:56,1,1111111185
CAT003-02,1111186,20/11/2022,08:24:34,0,1111111186
NEU022-01,1111187,04/11/2022,18:43:21,0,1111111187
TDF001-01,1111188,03/11/2022,01:59:18,1,1111111188
SAL010-01,1111189,01/11/2022,17:50:43,0,1111111189
BUE131-15,1111190,26/11/2022,15:22:34,1,1111111190
SJU008-01,1111191,24/11/2022,07:04:50,0,1111111191
CAB000-13,1111192,24/11/2022,17:32:23,0,1111111192
SLU003-01,1111193,15/11/2022,12:53:32,1,1111111193
SGO050-01,1111194,15/11/2022,17:30:02,1,1111111194
MZA015-01,1111195,06/11/2022,16:41:30,0,1111111195
CHU022-02,1111196,07/11/2022,12:33:50,0,1111111196
BUE031-06,1111197,14/11/2022,11:56:38,1,1111111197
CBA296-01,1111198,06/11/2022,09:43:16,0,1111111198
BUE045-01,1111199,08/11/2022,20:26:18,0,1111111199
SFE101-01,1111200,12/11/2022,14:01:25,1,1111111200
CAB000-09,1111201,06/11/2022,07:12:18,0,1111111201
BUE131-12,1111202,15/11/2022,03:54:12,1,1111111202
SFE203-02,1111203,13/11/2022,10:50:17,1,1111111203
BUE101-03,1111204,28/11/2022,18:42:06,0,1111111204
BUE016-01,1111205,19/11/2022,18:39:51,0,1111111205
CBA148-02,1111206,14/11/2022,15:33:17,1,1111111206
CHA026-01,1111207,27/11/2022,11:56:17,1,1111111207
SGO071-01,1111208,28/11/2022,20:04:05,0,1111111208
CBA398-01,1111209,23/11/2022,04:39:04,0,1111111209
BUE131-16,1111210,27/11/2022,12:52:55,1,1111111210
BUE032-01,1111211,25/11/2022,09:13:03,1,1111111211
BUE002-01,1111212,08/11/2022,16:06:59,1,1111111212
COR067-02,1111213,04/11/2022,19:15:32,0,1111111213
BUE053-01,1111214,19/11/2022,02:45:29,1,1111111214
BUE104-01,1111215,26/11/2022,00:07:05,0,1111111215
SGO082-01,1111216,15/11/2022,14:53:30,0,1111111216
RNO009-02,1111217,20/11/2022,10:23:52,0,1111111217
BUE056-04,1111218,03/11/2022,01:12:04,0,1111111218
BUE069-03,1111219,17/11/2022,15:24:33,1,1111111219
SAL047-02,1111220,17/11/2022,05:40:38,1,1111111220
CBA419-01,1111221,03/11/2022,07:19:43,0,1111111221
BUE016-02,1111222,08/11/2022,06:02:09,0,1111111222
CAT005-01,1111223,13/11/2022,16:53:35,0,1111111223
SAL018-01,1111224,24/11/2022,01:47:05,0,1111111224
SCR010-02,1111225,02/11/2022,00:43:37,0,1111111225
COR065-01,1111226,18/11/2022,18:39:15,1,1111111226
SFE206-01,1111227,07/11/2022,16:47:50,1,1111111227
COR057-01,1111228,12/11/2022,15:27:40,1,1111111228
MZA013-04,1111229,12/11/2022,09:00:29,1,1111111229
CBA168-01,1111230,16/11/2022,17:29:07,0,1111111230
BUE049-02,1111231,14/11/2022,13:54:08,1,1111111231
BUE090-01,1111232,20/11/2022,20:32:04,0,1111111232
SFE206-02,1111233,19/11/2022,08:27:00,1,1111111233
CAB000-11,1111234,05/11/2022,03:36:08,0,1111111234
SGO078-01,1111235,02/11/2022,12:24:04,1,1111111235
LAP034-02,1111236,20/11/2022,18:55:41,1,1111111236
CAT004-02,1111237,20/11/2022,22:52:25,0,1111111237
SGO004-01,1111238,13/11/2022,06:27:15,1,1111111238
BUE131-19,1111239,24/11/2022,08:16:48,0,1111111239
COR012-03,1111240,18/11/2022,02:37:39,1,1111111240
TDF002-01,1111241,25/11/2022,19:53:25,1,1111111241
CAB000-08,1111242,06/11/2022,04:32:29,0,1111111242
CHU021-01,1111243,19/11/2022,11:07:25,0,1111111243
CBA419-01,1111244,09/11/2022,08:52:11,1,1111111244
ERI035-02,1111245,14/11/2022,23:24:40,1,1111111245
BUE050-01,1111246,09/11/2022,14:37:55,0,1111111246
MIS064-01,1111247,20/11/2022,08:54:27,0,1111111247
SFE126-01,1111248,12/11/2022,08:25:36,1,1111111248
MZA003-01,1111249,19/11/2022,22:33:13,0,1111111249
CAT003-02,1111250,29/11/2022,03:54:46,1,1111111250
SCR010-01,1111251,22/11/2022,05:32:35,0,1111111251
CHU008-01,1111252,29/11/2022,00:33:48,0,1111111252
BUE050-01,1111253,18/11/2022,17:19:57,0,1111111253
CHA024-02,1111254,21/11/2022,15:18:34,0,1111111254
SAL043-01,1111255,21/11/2022,03:49:05,0,1111111255
SCR018-01,1111256,28/11/2022,20:40:11,1,1111111256
SCR011-01,1111257,19/11/2022,10:10:41,1,1111111257
CBA381-02,1111258,10/11/2022,13:29:02,1,1111111258
SJU011-01,1111259,19/11/2022,14:27:19,0,1111111259
BUE089-07,1111260,02/11/2022,10:44:40,0,1111111260
SCR010-01,1111261,22/11/2022,07:06:44,1,1111111261
CHA002-01,1111262,13/11/2022,14:27:48,1,1111111262
BUE008-03,1111263,17/11/2022,06:38:18,0,1111111263
CBA263-02,1111264,21/11/2022,14:32:06,0,1111111264
SFE271-01,1111265,04/11/2022,12:51:51,0,1111111265
BUE009-01,1111266,25/11/2022,04:40:15,1,1111111266
MIS069-02,1111267,14/11/2022,11:52:09,0,1111111267
LRJ001-01,1111268,09/11/2022,10:34:19,1,1111111268
BUE063-03,1111269,10/11/2022,15:28:21,1,1111111269
SLU003-01,1111270,23/11/2022,00:48:12,0,1111111270
BUE045-02,1111271,08/11/2022,07:30:07,1,1111111271
CBA357-01,1111272,01/12/2022,12:32:21,0,1111111272
BUE090-02,1111273,30/11/2022,15:58:50,0,1111111273
SAL059-02,1111274,01/11/2022,09:56:31,0,1111111274
BUE120-01,1111275,02/12/2022,19:37:38,1,1111111275
MIS069-01,1111276,20/11/2022,12:32:59,1,1111111276
BUE118-02,1111277,07/11/2022,21:55:44,0,1111111277
RNO053-01,1111278,16/11/2022,13:31:21,0,1111111278
LAP075-01,1111279,29/11/2022,13:11:27,0,1111111279
MZA013-04,1111280,06/11/2022,06:15:06,1,1111111280
BUE031-02,1111281,06/11/2022,02:45:51,1,1111111281
BUE131-17,1111282,21/11/2022,05:37:21,0,1111111282
SAL028-01,1111283,22/11/2022,05:11:33,0,1111111283
BUE072-02,1111284,06/11/2022,01:22:31,1,1111111284
BUE073-03,1111285,30/11/2022,02:54:31,0,1111111285
BUE131-21,1111286,05/11/2022,00:37:47,0,1111111286
CAT015-01,1111287,24/11/2022,06:08:05,1,1111111287
MZA017-02,1111288,23/11/2022,21:26:02,0,1111111288
TUC007-01,1111289,01/12/2022,13:07:03,1,1111111289
CBA366-01,1111290,13/11/2022,06:18:23,0,1111111290
CHA002-02,1111291,07/11/2022,18:20:25,0,1111111291
BUE073-03,1111292,25/11/2022,15:12:24,1,1111111292
CBA311-02,1111293,08/11/2022,22:29:01,1,1111111293
CHU022-03,1111294,18/11/2022,08:20:16,1,1111111294
MZA016-01,1111295,12/11/2022,19:00:39,0,1111111295
COR018-01,1111296,12/11/2022,03:12:58,1,1111111296
BUE042-01,1111297,04/11/2022,18:52:57,1,1111111297
SCR006-01,1111298,23/11/2022,01:59:46,1,1111111298
MIS030-02,1111299,21/11/2022,03:38:00,0,1111111299
SGO085-01,1111300,28/11/2022,02:57:08,1,1111111300
BUE046-02,1111301,12/11/2022,07:14:41,0,1111111301
BUE066-01,1111302,02/11/2022,13:23:24,0,1111111302
RNO035-02,1111303,24/11/2022,17:45:38,0,1111111303
ERI037-02,1111304,29/11/2022,10:59:39,1,1111111304
CBA223-01,1111305,01/12/2022,10:12:28,1,1111111305
BUE131-19,1111306,09/11/2022,21:46:01,0,1111111306
SFE108-01,1111307,03/11/2022,15:02:49,1,1111111307
BUE004-02,1111308,24/11/2022,04:18:15,0,1111111308
MZA013-03,1111309,09/11/2022,22:06:01,0,1111111309
SFE056-01,1111310,27/11/2022,03:01:36,0,1111111310
NEU025-04,1111311,01/12/2022,03:59:59,0,1111111311
SFE178-01,1111312,09/11/2022,12:11:28,1,1111111312
TUC100-02,1111313,26/11/2022,12:27:28,0,1111111313
MIS070-01,1111314,24/11/2022,03:05:22,1,1111111314
MZA001-01,1111315,11/11/2022,13:09:53,1,1111111315
CBA317-01,1111316,01/11/2022,07:01:06,0,1111111316
SGO034-01,1111317,14/11/2022,02:35:57,1,1111111317
BUE131-14,1111318,10/11/2022,00:23:26,1,1111111318
SFE040-01,1111319,14/11/2022,04:39:18,1,1111111319
BUE131-10,1111320,13/11/2022,07:52:06,1,1111111320
CAT019-01,1111321,30/11/2022,22:38:49,1,1111111321
ERI051-01,1111322,13/11/2022,10:53:56,1,1111111322
RNO033-02,1111323,11/11/2022,13:18:17,1,1111111323
CBA206-01,1111324,01/12/2022,16:58:27,0,1111111324
SAL028-01,1111325,15/11/2022,17:00:36,0,1111111325
MIS012-01,1111326,25/11/2022,17:07:28,1,1111111326
NEU005-01,1111327,12/11/2022,11:46:02,1,1111111327
BUE130-01,1111328,22/11/2022,14:22:11,0,1111111328
BUE035-01,1111329,01/11/2022,03:01:16,0,1111111329
BUE031-01,1111330,06/11/2022,06:20:30,1,1111111330
BUE131-18,1111331,15/11/2022,16:40:23,0,1111111331
CBA376-02,1111332,01/12/2022,17:48:27,0,1111111332
SFE160-01,1111333,14/11/2022,10:26:27,0,1111111333
CBA171-03,1111334,13/11/2022,01:16:11,1,1111111334
BUE064-05,1111335,07/11/2022,18:21:21,0,1111111335
SCR019-01,1111336,24/11/2022,14:03:50,0,1111111336
COR012-09,1111337,02/11/2022,04:40:00,1,1111111337
NEU031-01,1111338,03/11/2022,23:20:32,1,1111111338
BUE131-20,1111339,26/11/2022,20:14:05,0,1111111339
CAB000-03,1111340,02/11/2022,11:29:33,0,1111111340
MZA013-07,1111341,24/11/2022,12:12:57,1,1111111341
RNO033-03,1111342,03/11/2022,22:29:18,1,1111111342
CBA222-01,1111343,14/11/2022,13:21:21,0,1111111343
MZA010-02,1111344,27/11/2022,16:18:48,0,1111111344
BUE089-06,1111345,20/11/2022,23:17:18,0,1111111345
CHU038-01,1111346,14/11/2022,20:05:55,1,1111111346
MIS057-01,1111347,03/11/2022,07:38:33,1,1111111347
SFE005-01,1111348,18/11/2022,19:27:51,1,1111111348
CBA042-01,1111349,28/11/2022,17:42:26,1,1111111349
BUE117-01,1111350,19/11/2022,00:40:20,1,1111111350
CBA221-01,1111351,11/11/2022,06:30:08,1,1111111351
BUE131-12,1111352,08/11/2022,08:28:41,1,1111111352
RNO017-01,1111353,10/11/2022,04:03:55,0,1111111353
CHA041-01,1111354,10/11/2022,23:42:42,1,1111111354
CBA083-01,1111355,08/11/2022,23:00:52,0,1111111355
NEU007-02,1111356,23/11/2022,20:50:33,0,1111111356
BUE036-02,1111357,23/11/2022,13:13:01,1,1111111357
CBA158-02,1111358,14/11/2022,21:52:15,0,1111111358
CBA071-01,1111359,17/11/2022,18:37:31,1,1111111359
CBA381-05,1111360,14/11/2022,11:32:52,0,1111111360
SAL033-01,1111361,21/11/2022,22:42:55,1,1111111361
CBA397-01,1111362,10/11/2022,00:16:35,1,1111111362
NEU025-02,1111363,07/11/2022,15:41:02,0,1111111363
ERI027-01,1111364,20/11/2022,11:12:29,1,1111111364
LAP065-02,1111365,26/11/2022,10:10:19,1,1111111365
BUE069-02,1111366,01/12/2022,17:08:03,0,1111111366
LAP067-01,1111367,09/11/2022,03:46:31,0,1111111367
BUE093-01,1111368,08/11/2022,15:22:25,1,1111111368
SFE336-01,1111369,05/11/2022,07:10:44,1,1111111369
SGO064-01,1111370,01/11/2022,10:42:05,1,1111111370
BUE066-07,1111371,03/11/2022,01:17:53,0,1111111371
CHA039-01,1111372,03/11/2022,05:28:51,0,1111111372
CBA381-02,1111373,11/11/2022,06:39:56,0,1111111373
BUE131-16,1111374,24/11/2022,21:25:08,0,1111111374
CBA091-01,1111375,19/11/2022,12:44:26,1,1111111375
ERI032-01,1111376,04/11/2022,07:39:52,0,1111111376
CBA087-01,1111377,11/11/2022,16:06:24,1,1111111377
BUE121-01,1111378,06/11/2022,05:47:01,1,1111111378
MZA018-01,1111379,24/11/2022,15:41:40,0,1111111379
BUE036-03,1111380,23/11/2022,01:42:13,1,1111111380
CBA148-01,1111381,14/11/2022,13:50:13,0,1111111381
SFE126-01,1111382,28/11/2022,22:39:22,0,1111111382
NEU025-09,1111383,07/11/2022,20:13:34,1,1111111383
CBA107-01,1111384,27/11/2022,22:58:01,1,1111111384
BUE042-01,1111385,28/11/2022,02:51:15,0,1111111385
LRJ011-01,1111386,02/11/2022,17:23:27,0,1111111386
BUE032-01,1111387,07/11/2022,15:39:09,0,1111111387
COR010-01,1111388,24/11/2022,17:55:39,1,1111111388
NEU057-01,1111389,28/11/2022,00:03:32,0,1111111389
RNO037-02,1111390,16/11/2022,05:42:57,1,1111111390
NEU025-01,1111391,01/12/2022,06:20:57,1,1111111391
SFE348-01,1111392,20/11/2022,06:40:44,0,1111111392
ERI160-02,1111393,23/11/2022,17:44:04,0,1111111393
COR011-01,1111394,26/11/2022,16:36:53,1,1111111394
BUE072-01,1111395,25/11/2022,15:37:39,0,1111111395
TUC015-01,1111396,27/11/2022,23:19:28,1,1111111396
CHU024-01,1111397,08/11/2022,23:40:56,1,1111111397
SFE264-01,1111398,20/11/2022,22:23:02,0,1111111398
BUE016-02,1111399,14/11/2022,20:48:14,1,1111111399
CAB000-13,1111400,04/11/2022,02:50:20,0,1111111400
TUC112-01,1111401,03/11/2022,00:49:59,0,1111111401
ERI160-02,1111402,18/11/2022,21:47:56,0,1111111402
ERI041-01,1111403,12/11/2022,02:29:42,1,1111111403
TUC112-03,1111404,15/11/2022,08:09:51,1,1111111404
ERI021-01,1111405,10/11/2022,18:20:49,0,1111111405
SFE126-01,1111406,18/11/2022,17:47:53,0,1111111406
NEU028-01,1111407,22/11/2022,02:30:17,1,1111111407
BUE082-03,1111408,06/11/2022,14:37:16,1,1111111408
COR006-01,1111409,03/11/2022,00:27:30,0,1111111409
BUE015-01,1111410,09/11/2022,10:30:25,0,1111111410
CBA071-01,1111411,04/11/2022,00:20:19,0,1111111411
NEU025-02,1111412,21/11/2022,02:35:19,0,1111111412
RNO033-02,1111413,30/11/2022,10:02:43,0,1111111413
BUE089-01,1111414,16/11/2022,07:20:55,0,1111111414
RNO069-01,1111415,24/11/2022,03:05:03,0,1111111415
BUE008-03,1111416,18/11/2022,08:50:54,1,1111111416
BUE082-01,1111417,27/11/2022,15:30:35,0,1111111417
CBA405-01,1111418,07/11/2022,17:26:43,0,1111111418
NEU031-01,1111419,10/11/2022,09:43:46,0,1111111419
SCR020-01,1111420,14/11/2022,16:07:10,1,1111111420
MIS023-01,1111421,21/11/2022,13:40:47,0,1111111421
BUE045-02,1111422,24/11/2022,05:22:46,0,1111111422
TUC007-02,1111423,28/11/2022,15:51:05,0,1111111423
MIS059-04,1111424,10/11/2022,10:30:55,1,1111111424
BUE054-04,1111425,18/11/2022,01:51:12,0,1111111425
ERI024-01,1111426,02/12/2022,04:43:08,1,1111111426
BUE067-01,1111427,19/11/2022,02:03:10,0,1111111427
TDF003-09,1111428,03/11/2022,07:44:27,0,1111111428
SFE100-01,1111429,10/11/2022,07:04:13,0,1111111429
TUC030-01,1111430,23/11/2022,23:51:31,1,1111111430
RNO037-03,1111431,24/11/2022,20:23:21,1,1111111431
BUE131-14,1111432,13/11/2022,15:39:11,1,1111111432
RNO045-01,1111433,04/11/2022,23:46:12,0,1111111433
LAP007-01,1111434,23/11/2022,04:22:03,1,1111111434
BUE133-02,1111435,09/11/2022,14:59:48,0,1111111435
SFE257-01,1111436,28/11/2022,20:51:53,1,1111111436
SJU015-01,1111437,02/11/2022,21:01:21,1,1111111437
SGO108-01,1111438,30/11/2022,17:03:37,1,1111111438
SLU064-01,1111439,21/11/2022,17:04:51,1,1111111439
BUE036-03,1111440,27/11/2022,12:06:56,0,1111111440
BUE101-05,1111441,08/11/2022,22:14:34,1,1111111441
CHU024-01,1111442,11/11/2022,18:47:27,0,1111111442
MIS069-02,1111443,11/11/2022,23:39:05,1,1111111443
NEU032-01,1111444,26/11/2022,18:46:34,0,1111111444
CBA207-01,1111445,24/11/2022,08:44:25,0,1111111445
CAT003-01,1111446,25/11/2022,05:28:24,1,1111111446
SFE028-01,1111447,08/11/2022,02:44:52,0,1111111447
CBA171-03,1111448,29/11/2022,01:38:51,0,1111111448
MIS032-02,1111449,04/11/2022,06:35:01,0,1111111449
COR048-01,1111450,02/12/2022,16:17:55,0,1111111450
SAL010-01,1111451,02/12/2022,02:16:26,0,1111111451
SCR016-02,1111452,16/11/2022,18:14:15,1,1111111452
SFE049-01,1111453,11/11/2022,08:17:44,0,1111111453
JUJ024-01,1111454,20/11/2022,02:34:55,1,1111111454
MIS013-01,1111455,11/11/2022,21:08:03,1,1111111455
SJU008-01,1111456,25/11/2022,08:57:48,1,1111111456
CBA301-01,1111457,08/11/2022,19:13:19,1,1111111457
CBA148-02,1111458,10/11/2022,11:09:09,1,1111111458
NEU025-08,1111459,27/11/2022,06:44:32,1,1111111459
NEU025-05,1111460,16/11/2022,19:39:28,0,1111111460
BUE068-02,1111461,11/11/2022,19:19:01,1,1111111461
BUE007-02,1111462,16/11/2022,08:45:09,1,1111111462
MZA016-02,1111463,15/11/2022,13:49:37,0,1111111463
CHU031-01,1111464,16/11/2022,11:15:46,0,1111111464
MIS063-01,1111465,13/11/2022,22:04:19,0,1111111465
COR010-01,1111466,19/11/2022,09:48:48,0,1111111466
MZA013-03,1111467,30/11/2022,17:41:24,1,1111111467
BUE008-02,1111468,10/11/2022,02:54:38,1,1111111468
BUE056-02,1111469,13/11/2022,23:54:51,0,1111111469
MIS069-02,1111470,16/11/2022,08:50:30,1,1111111470
BUE089-05,1111471,06/11/2022,00:00:04,0,1111111471
RNO070-01,1111472,07/11/2022,05:09:56,1,1111111472
COR065-01,1111473,12/11/2022,15:58:46,0,1111111473
BUE094-03,1111474,16/11/2022,22:12:14,1,1111111474
CHU022-01,1111475,16/11/2022,04:08:46,0,1111111475
CHU008-01,1111476,22/11/2022,07:03:13,0,1111111476
NEU025-04,1111477,30/11/2022,15:52:25,1,1111111477
MZA011-01,1111478,24/11/2022,19:50:28,0,1111111478
BUE082-02,1111479,04/11/2022,21:28:29,1,1111111479
MIS061-01,1111480,17/11/2022,21:13:27,0,1111111480
BUE094-03,1111481,01/12/2022,16:20:13,0,1111111481
MZA010-02,1111482,14/11/2022,16:31:11,0,1111111482
CBA107-02,1111483,01/11/2022,13:13:31,0,1111111483
ERI013-01,1111484,21/11/2022,02:20:10,1,1111111484
CAB000-04,1111485,18/11/2022,07:45:49,0,1111111485
SFE301-01,1111486,14/11/2022,20:10:38,1,1111111486
SFE040-01,1111487,09/11/2022,19:14:26,0,1111111487
BUE090-01,1111488,10/11/2022,00:25:34,0,1111111488
CBA171-01,1111489,01/12/2022,14:32:21,0,1111111489
CBA193-01,1111490,07/11/2022,03:30:22,1,1111111490
SAL047-02,1111491,15/11/2022,20:14:49,1,1111111491
MIS053-01,1111492,17/11/2022,14:58:40,1,1111111492
NEU025-14,1111493,02/11/2022,03:43:43,1,1111111493
CBA100-04,1111494,02/12/2022,12:08:57,0,1111111494
MZA014-01,1111495,27/11/2022,03:26:04,0,1111111495
BUE088-02,1111496,14/11/2022,12:47:58,1,1111111496
MIS057-04,1111497,05/11/2022,03:08:58,1,1111111497
ERI058-01,1111498,10/11/2022,12:09:21,1,1111111498
BUE119-02,1111499,12/11/2022,20:32:45,1,1111111499
JUJ017-01,1111500,27/11/2022,13:04:54,1,1111111500
JUJ024-02,1111501,19/11/2022,05:14:24,0,1111111501
CHU047-01,1111502,02/11/2022,01:31:33,1,1111111502
TDF003-04,1111503,04/11/2022,09:31:48,1,1111111503
CHA001-01,1111504,04/11/2022,16:09:36,1,1111111504
NEU038-01,1111505,01/12/2022,15:00:17,0,1111111505
SGO900-01,1111506,12/11/2022,02:25:29,1,1111111506
MIS013-01,1111507,30/11/2022,04:19:29,0,1111111507
CBA415-01,1111508,29/11/2022,09:19:14,1,1111111508
COR071-01,1111509,03/11/2022,00:54:41,0,1111111509
BUE133-02,1111510,02/12/2022,18:01:53,1,1111111510
MIS059-02,1111511,11/11/2022,03:32:21,1,1111111511
CHU022-03,1111512,15/11/2022,12:47:15,0,1111111512
RNO033-02,1111513,09/11/2022,17:15:39,0,1111111513
CHU024-01,1111514,23/11/2022,04:25:45,0,1111111514
CHA041-01,1111515,27/11/2022,19:12:54,1,1111111515
BUE104-01,1111516,01/11/2022,08:06:30,0,1111111516
SFE305-03,1111517,20/11/2022,21:46:26,0,1111111517
SCR010-02,1111518,04/11/2022,12:45:26,0,1111111518
JUJ037-01,1111519,28/11/2022,12:28:37,1,1111111519
TUC088-01,1111520,05/11/2022,01:32:04,0,1111111520
MZA008-02,1111521,06/11/2022,07:32:20,1,1111111521
BUE131-16,1111522,13/11/2022,22:15:56,1,1111111522
MZA013-04,1111523,24/11/2022,22:22:26,1,1111111523
CHU010-01,1111524,25/11/2022,17:33:51,1,1111111524
MIS032-01,1111525,21/11/2022,00:02:58,0,1111111525
LAP075-01,1111526,29/11/2022,06:24:03,1,1111111526
SFE351-01,1111527,07/11/2022,13:04:57,0,1111111527
RNO069-01,1111528,24/11/2022,23:03:28,0,1111111528
SJU003-02,1111529,27/11/2022,08:54:10,1,1111111529
COR012-03,1111530,05/11/2022,19:25:53,1,1111111530
SGO013-01,1111531,07/11/2022,17:08:08,1,1111111531
CAB000-16,1111532,12/11/2022,20:20:35,0,1111111532
BUE097-02,1111533,19/11/2022,00:57:07,1,1111111533
SLU064-01,1111534,19/11/2022,06:09:57,0,1111111534
RNO037-06,1111535,01/12/2022,08:12:31,0,1111111535
SFE005-01,1111536,11/11/2022,19:20:50,1,1111111536
NEU057-01,1111537,14/11/2022,23:58:13,1,1111111537
JUJ013-03,1111538,13/11/2022,07:41:59,0,1111111538
LRJ011-01,1111539,18/11/2022,21:15:51,0,1111111539
BUE069-02,1111540,02/12/2022,19:27:42,0,1111111540
SFE206-02,1111541,01/11/2022,11:24:01,0,1111111541
BUE091-01,1111542,08/11/2022,02:00:39,0,1111111542
CAT005-02,1111543,18/11/2022,13:44:04,0,1111111543
BUE131-15,1111544,01/12/2022,16:45:26,1,1111111544
JUJ023-01,1111545,13/11/2022,10:57:27,1,1111111545
SFE040-01,1111546,20/11/2022,09:30:11,0,1111111546
CBA366-01,1111547,08/11/2022,12:16:27,0,1111111547
BUE131-03,1111548,07/11/2022,00:28:45,0,1111111548
CBA100-03,1111549,18/11/2022,03:56:22,0,1111111549
MIS061-01,1111550,27/11/2022,03:32:19,0,1111111550
BUE131-17,1111551,22/11/2022,13:30:49,0,1111111551
ERI016-03,1111552,22/11/2022,14:58:23,1,1111111552
BUE032-01,1111553,15/11/2022,12:06:49,0,1111111553
BUE046-02,1111554,05/11/2022,01:24:18,1,1111111554
SGO102-01,1111555,09/11/2022,17:51:14,0,1111111555
SCR018-01,1111556,29/11/2022,11:27:06,0,1111111556
SFE335-01,1111557,27/11/2022,12:50:47,1,1111111557
MZA014-01,1111558,13/11/2022,10:28:05,0,1111111558
CAT012-01,1111559,02/12/2022,19:14:22,1,1111111559
BUE072-01,1111560,15/11/2022,22:22:03,0,1111111560
TUC071-01,1111561,02/11/2022,13:55:42,0,1111111561
SFE337-01,1111562,03/11/2022,07:14:51,0,1111111562
COR064-01,1111563,03/11/2022,10:45:22,1,1111111563
ERI064-01,1111564,05/11/2022,17:28:18,1,1111111564
RNO028-01,1111565,23/11/2022,10:56:26,1,1111111565
TUC086-02,1111566,10/11/2022,22:40:59,1,1111111566
CBA185-01,1111567,09/11/2022,17:26:44,0,1111111567
LAP075-02,1111568,22/11/2022,06:16:34,0,1111111568
CBA171-01,1111569,06/11/2022,15:12:11,1,1111111569
CBA157-01,1111570,15/11/2022,23:42:22,0,1111111570
COR020-01,1111571,01/12/2022,06:41:26,1,1111111571
ERI035-03,1111572,19/11/2022,14:23:23,1,1111111572
MIS052-02,1111573,01/12/2022,04:47:00,0,1111111573
SLU064-01,1111574,05/11/2022,10:35:29,0,1111111574
CAT028-01,1111575,02/11/2022,12:25:16,1,1111111575
SGO068-01,1111576,10/11/2022,00:37:16,1,1111111576
BUE130-01,1111577,28/11/2022,11:19:23,0,1111111577
JUJ041-01,1111578,18/11/2022,21:12:37,0,1111111578
TDF003-03,1111579,09/11/2022,03:56:18,1,1111111579
SFE257-01,1111580,15/11/2022,21:42:10,0,1111111580
TUC112-02,1111581,05/11/2022,17:51:55,0,1111111581
BUE014-02,1111582,20/11/2022,07:12:02,0,1111111582
CBA308-04,1111583,01/11/2022,14:43:30,1,1111111583
MIS032-01,1111584,11/11/2022,11:49:42,0,1111111584
SAL048-01,1111585,15/11/2022,04:37:35,0,1111111585
BUE044-01,1111586,06/11/2022,21:32:01,0,1111111586
LAP070-02,1111587,18/11/2022,04:06:05,1,1111111587
MIS042-01,1111588,18/11/2022,14:34:26,0,1111111588
CBA308-02,1111589,01/12/2022,17:10:06,0,1111111589
CBA308-02,1111590,29/11/2022,21:55:58,0,1111111590
CBA222-02,1111591,01/11/2022,16:44:06,1,1111111591
RNO064-01,1111592,30/11/2022,21:40:27,0,1111111592
CBA042-01,1111593,08/11/2022,09:26:47,0,1111111593
CBA218-01,1111594,04/11/2022,12:33:27,0,1111111594
SFE266-02,1111595,15/11/2022,13:56:58,0,1111111595
CAT017-01,1111596,08/11/2022,19:14:07,1,1111111596
FOR001-01,1111597,28/11/2022,05:50:12,0,1111111597
CHA002-02,1111598,19/11/2022,15:20:22,1,1111111598
MIS031-01,1111599,08/11/2022,06:46:02,1,1111111599
SFE188-01,1111600,01/11/2022,06:00:19,0,1111111600
TDF003-08,1111601,25/11/2022,08:33:16,0,1111111601
SFE245-01,1111602,05/11/2022,08:26:52,0,1111111602
COR048-01,1111603,21/11/2022,14:04:11,0,1111111603
JUJ051-01,1111604,13/11/2022,03:33:18,1,1111111604
BUE032-01,1111605,23/11/2022,00:55:09,1,1111111605
SFE175-01,1111606,24/11/2022,12:09:27,0,1111111606
BUE067-09,1111607,25/11/2022,06:12:13,1,1111111607
FOR019-01,1111608,14/11/2022,23:14:03,1,1111111608
TUC034-02,1111609,16/11/2022,11:38:41,1,1111111609
JUJ011-01,1111610,21/11/2022,22:33:23,0,1111111610
NEU025-04,1111611,09/11/2022,01:43:02,1,1111111611
BUE004-01,1111612,06/11/2022,13:25:24,1,1111111612
CBA091-01,1111613,23/11/2022,01:57:36,1,1111111613
BUE054-02,1111614,25/11/2022,18:10:11,0,1111111614
ERI048-01,1111615,18/11/2022,01:40:17,0,1111111615
COR067-02,1111616,01/11/2022,19:33:25,0,1111111616
CBA218-02,1111617,25/11/2022,17:48:02,0,1111111617
BUE131-05,1111618,16/11/2022,01:31:45,1,1111111618
BUE132-02,1111619,12/11/2022,17:10:00,0,1111111619
MZA003-01,1111620,18/11/2022,11:41:40,0,1111111620
BUE131-03,1111621,18/11/2022,23:54:30,1,1111111621
CAB000-02,1111622,11/11/2022,06:36:48,0,1111111622
CBA140-01,1111623,22/11/2022,09:03:12,0,1111111623
SJU016-01,1111624,02/12/2022,23:04:30,1,1111111624
NEU025-12,1111625,13/11/2022,03:14:03,0,1111111625
SGO078-03,1111626,28/11/2022,05:12:04,0,1111111626
SAL047-01,1111627,19/11/2022,17:09:27,0,1111111627
BUE105-01,1111628,27/11/2022,18:49:22,1,1111111628
SLU064-01,1111629,29/11/2022,14:07:27,1,1111111629
LRJ009-01,1111630,23/11/2022,17:34:56,0,1111111630
SFE094-01,1111631,11/11/2022,03:52:47,0,1111111631
CBA091-01,1111632,25/11/2022,16:19:06,1,1111111632
BUE131-01,1111633,15/11/2022,11:38:40,1,1111111633
BUE101-07,1111634,23/11/2022,10:25:31,0,1111111634
BUE054-01,1111635,20/11/2022,10:09:00,0,1111111635
MIS047-01,1111636,02/11/2022,06:35:59,0,1111111636
SAL044-02,1111637,21/11/2022,11:09:40,1,1111111637
SFE033-01,1111638,01/12/2022,23:48:33,1,1111111638
SFE255-01,1111639,10/11/2022,20:53:53,0,1111111639
CBA171-03,1111640,22/11/2022,22:58:49,0,1111111640
CBA042-01,1111641,06/11/2022,05:35:36,1,1111111641
CBA107-02,1111642,19/11/2022,23:52:18,0,1111111642
CBA083-01,1111643,11/11/2022,00:22:00,0,1111111643
CHA017-01,1111644,14/11/2022,19:35:57,0,1111111644
CHU015-01,1111645,20/11/2022,19:41:45,1,1111111645
SFE108-01,1111646,16/11/2022,10:51:34,1,1111111646
BUE099-01,1111647,24/11/2022,01:35:00,0,1111111647
SFE042-01,1111648,20/11/2022,17:37:05,1,1111111648
SFE100-01,1111649,20/11/2022,06:50:27,1,1111111649
JUJ047-02,1111650,15/11/2022,15:09:51,1,1111111650
TUC012-01,1111651,15/11/2022,06:24:17,0,1111111651
CBA260-01,1111652,20/11/2022,08:12:58,1,1111111652
SAL041-01,1111653,02/11/2022,00:20:42,1,1111111653
BUE056-04,1111654,16/11/2022,08:09:07,1,1111111654
COR016-01,1111655,19/11/2022,15:29:54,1,1111111655
SGO102-01,1111656,26/11/2022,10:49:16,0,1111111656
RNO009-01,1111657,30/11/2022,22:42:17,1,1111111657
BUE089-01,1111658,01/11/2022,02:17:07,1,1111111658
BUE001-01,1111659,11/11/2022,06:54:20,1,1111111659
JUJ002-01,1111660,17/11/2022,03:03:57,0,1111111660
BUE045-03,1111661,29/11/2022,08:22:09,0,1111111661
BUE030-02,1111662,12/11/2022,02:03:18,0,1111111662
CAT032-02,1111663,14/11/2022,04:10:12,1,1111111663
BUE126-01,1111664,05/11/2022,02:43:29,1,1111111664
SGO040-01,1111665,19/11/2022,15:15:22,0,1111111665
JUJ040-01,1111666,11/11/2022,15:40:42,0,1111111666
CBA398-01,1111667,24/11/2022,17:35:32,1,1111111667
CBA206-01,1111668,02/11/2022,12:49:31,0,1111111668
CBA160-01,1111669,05/11/2022,04:13:01,1,1111111669
TUC009-02,1111670,02/12/2022,14:51:48,1,1111111670
NEU046-01,1111671,24/11/2022,09:11:20,1,1111111671
BUE101-01,1111672,28/11/2022,20:00:46,1,1111111672
COR030-01,1111673,24/11/2022,20:35:37,0,1111111673
CBA071-01,1111674,13/11/2022,06:27:17,0,1111111674
BUE097-02,1111675,14/11/2022,03:34:44,1,1111111675
CBA193-01,1111676,05/11/2022,18:02:06,1,1111111676
MIS016-01,1111677,24/11/2022,07:34:24,0,1111111677
BUE010-01,1111678,27/11/2022,23:56:25,0,1111111678
COR048-01,1111679,16/11/2022,11:50:43,0,1111111679
CBA157-01,1111680,08/11/2022,06:18:34,0,1111111680
CBA263-02,1111681,02/11/2022,18:42:24,0,1111111681
BUE056-06,1111682,22/11/2022,11:26:34,0,1111111682
MIS057-04,1111683,02/12/2022,00:52:13,1,1111111683
SGO085-01,1111684,07/11/2022,00:37:11,1,1111111684
CBA095-01,1111685,21/11/2022,02:47:17,0,1111111685
BUE097-01,1111686,02/11/2022,09:12:18,0,1111111686
SFE227-01,1111687,19/11/2022,18:37:57,0,1111111687
CBA308-01,1111688,01/12/2022,12:13:17,0,1111111688
BUE093-01,1111689,27/11/2022,08:36:24,1,1111111689
NEU025-06,1111690,10/11/2022,20:43:27,0,1111111690
ERI048-01,1111691,06/11/2022,00:45:55,0,1111111691
RNO037-06,1111692,23/11/2022,05:11:59,0,1111111692
SGO040-01,1111693,04/11/2022,13:38:02,0,1111111693
RNO037-04,1111694,19/11/2022,23:33:08,1,1111111694
BUE131-14,1111695,20/11/2022,19:09:18,0,1111111695
SAL059-02,1111696,01/11/2022,15:07:59,0,1111111696
MIS012-01,1111697,22/11/2022,18:42:56,1,1111111697
TDF003-03,1111698,13/11/2022,12:24:23,0,1111111698
BUE068-01,1111699,03/11/2022,22:28:49,0,1111111699
MZA008-01,1111700,03/11/2022,03:29:48,1,1111111700
SCR007-02,1111701,04/11/2022,18:52:52,1,1111111701
BUE048-01,1111702,15/11/2022,14:33:04,0,1111111702
BUE063-01,1111703,07/11/2022,07:19:19,0,1111111703
BUE114-01,1111704,29/11/2022,08:08:54,0,1111111704
BUE067-12,1111705,04/11/2022,03:24:12,1,1111111705
SAL014-01,1111706,14/11/2022,03:40:23,0,1111111706
ERI056-02,1111707,20/11/2022,18:38:38,0,1111111707
BUE117-01,1111708,11/11/2022,17:29:00,0,1111111708
BUE044-01,1111709,10/11/2022,22:25:41,1,1111111709
MZA018-01,1111710,26/11/2022,23:17:07,0,1111111710
BUE066-02,1111711,02/12/2022,14:43:18,1,1111111711
SCR016-02,1111712,20/11/2022,11:34:12,1,1111111712
BUE049-01,1111713,01/12/2022,00:56:28,1,1111111713
BUE056-05,1111714,20/11/2022,14:49:28,0,1111111714
CHU009-01,1111715,19/11/2022,15:21:45,0,1111111715
BUE085-01,1111716,14/11/2022,03:51:47,1,1111111716
CBA107-02,1111717,30/11/2022,12:45:20,1,1111111717
COR067-02,1111718,04/11/2022,00:26:32,1,1111111718
LAP029-01,1111719,19/11/2022,00:11:31,1,1111111719
NEU025-05,1111720,24/11/2022,00:40:52,1,1111111720
TUC037-01,1111721,23/11/2022,23:34:02,1,1111111721
CBA087-01,1111722,25/11/2022,09:21:29,1,1111111722
ERI020-01,1111723,19/11/2022,13:13:02,0,1111111723
BUE125-01,1111724,19/11/2022,22:28:08,0,1111111724
SAL046-01,1111725,04/11/2022,12:57:34,0,1111111725
CHU018-01,1111726,26/11/2022,06:13:08,0,1111111726
SAL043-01,1111727,04/11/2022,23:10:23,0,1111111727
CBA359-01,1111728,28/11/2022,22:21:33,0,1111111728
SFE305-04,1111729,28/11/2022,06:15:07,1,1111111729
CHU028-01,1111730,12/11/2022,21:52:03,1,1111111730
CHA043-01,1111731,20/11/2022,03:40:36,1,1111111731
BUE049-01,1111732,19/11/2022,21:33:11,0,1111111732
NEU025-04,1111733,02/11/2022,09:01:31,1,1111111733
BUE105-03,1111734,13/11/2022,12:31:27,0,1111111734
BUE050-01,1111735,13/11/2022,06:55:41,1,1111111735
RNO037-06,1111736,12/11/2022,10:09:23,1,1111111736
CAB000-03,1111737,26/11/2022,14:59:44,1,1111111737
ERI005-03,1111738,01/12/2022,05:10:32,0,1111111738
BUE068-02,1111739,28/11/2022,13:13:33,0,1111111739
BUE067-04,1111740,14/11/2022,01:08:01,0,1111111740
BUE111-01,1111741,05/11/2022,07:52:44,0,1111111741
BUE131-15,1111742,14/11/2022,08:21:48,0,1111111742
BUE045-03,1111743,08/11/2022,02:12:36,1,1111111743
FOR002-01,1111744,15/11/2022,09:30:43,0,1111111744
BUE008-08,1111745,16/11/2022,23:08:25,1,1111111745
BUE042-01,1111746,11/11/2022,11:26:07,1,1111111746
BUE096-02,1111747,02/12/2022,23:25:19,1,1111111747
MZA008-01,1111748,26/11/2022,08:50:22,0,1111111748
MZA016-03,1111749,03/11/2022,15:32:36,0,1111111749
BUE067-02,1111750,18/11/2022,17:54:44,1,1111111750
CBA329-01,1111751,06/11/2022,17:44:20,1,1111111751
CAB000-10,1111752,28/11/2022,16:47:45,0,1111111752
SJU008-02,1111753,07/11/2022,02:56:06,0,1111111753
BUE071-01,1111754,14/11/2022,05:53:31,0,1111111754
ERI035-01,1111755,25/11/2022,06:34:18,1,1111111755
SAL052-01,1111756,21/11/2022,20:32:04,1,1111111756
CAT003-02,1111757,08/11/2022,19:50:59,1,1111111757
ERI020-01,1111758,13/11/2022,22:17:19,0,1111111758
BUE131-11,1111759,14/11/2022,01:05:31,0,1111111759
BUE046-02,1111760,27/11/2022,05:36:17,0,1111111760
CBA157-01,1111761,06/11/2022,11:09:58,0,1111111761
SJU014-03,1111762,26/11/2022,10:33:41,1,1111111762
BUE073-02,1111763,03/11/2022,09:23:58,0,1111111763
BUE094-01,1111764,21/11/2022,04:32:57,0,1111111764
BUE001-02,1111765,16/11/2022,21:28:49,0,1111111765
BUE064-03,1111766,05/11/2022,06:11:27,0,1111111766
BUE002-01,1111767,02/12/2022,09:32:19,1,1111111767
SAL046-01,1111768,11/11/2022,11:00:26,1,1111111768
BUE030-02,1111769,22/11/2022,12:01:31,0,1111111769
BUE017-01,1111770,27/11/2022,23:04:33,0,1111111770
MZA006-01,1111771,01/11/2022,05:49:16,1,1111111771
COR035-01,1111772,18/11/2022,18:25:51,1,1111111772
COR045-01,1111773,30/11/2022,02:31:42,0,1111111773
CBA185-01,1111774,21/11/2022,16:55:13,1,1111111774
CBA307-01,1111775,24/11/2022,10:30:30,0,1111111775
BUE041-01,1111776,02/12/2022,19:03:54,0,1111111776
CBA158-03,1111777,11/11/2022,01:21:47,1,1111111777
CHU022-03,1111778,04/11/2022,00:13:27,0,1111111778
CBA264-01,1111779,02/11/2022,08:12:28,1,1111111779
BUE131-05,1111780,10/11/2022,23:44:02,0,1111111780
CHU028-01,1111781,30/11/2022,08:33:05,1,1111111781
CBA307-01,1111782,30/11/2022,09:51:01,0,1111111782
CAB000-03,1111783,28/11/2022,18:26:56,0,1111111783
BUE067-03,1111784,13/11/2022,23:40:44,1,1111111784
SFE295-01,1111785,11/11/2022,12:24:23,1,1111111785
JUJ047-01,1111786,02/11/2022,07:24:27,0,1111111786
BUE049-01,1111787,09/11/2022,19:31:15,1,1111111787
MZA010-01,1111788,12/11/2022,01:25:29,1,1111111788
CAT004-01,1111789,02/11/2022,21:58:26,0,1111111789
SFE227-02,1111790,23/11/2022,03:19:52,0,1111111790
BUE086-02,1111791,29/11/2022,17:42:19,0,1111111791
BUE067-01,1111792,18/11/2022,02:21:42,1,1111111792
TDF003-08,1111793,19/11/2022,06:10:54,0,1111111793
SFE305-01,1111794,01/11/2022,07:42:37,1,1111111794
SFE351-01,1111795,09/11/2022,20:52:01,1,1111111795
NEU053-01,1111796,25/11/2022,14:08:48,0,1111111796
SAL006-03,1111797,13/11/2022,08:30:48,1,1111111797
SJU016-02,1111798,19/11/2022,14:50:58,0,1111111798
TUC055-01,1111799,05/11/2022,19:30:15,0,1111111799
SAL034-01,1111800,10/11/2022,13:48:48,0,1111111800
NEU005-01,1111801,18/11/2022,10:08:36,0,1111111801
RNO068-01,1111802,30/11/2022,15:45:26,1,1111111802
SGO082-01,1111803,03/11/2022,04:42:40,0,1111111803
JUJ041-01,1111804,11/11/2022,04:04:03,1,1111111804
BUE065-01,1111805,02/12/2022,22:29:30,0,1111111805
CBA357-01,1111806,29/11/2022,21:41:55,1,1111111806
ERI036-01,1111807,13/11/2022,10:16:47,0,1111111807
CAB000-16,1111808,17/11/2022,18:26:23,1,1111111808
CBA415-01,1111809,24/11/2022,03:54:24,0,1111111809
CBA231-01,1111810,24/11/2022,23:35:07,1,1111111810
MZA013-06,1111811,03/11/2022,16:48:37,0,1111111811
RNO053-01,1111812,11/11/2022,06:47:19,0,1111111812
CHA028-01,1111813,09/11/2022,07:43:33,0,1111111813
MZA013-07,1111814,19/11/2022,13:31:23,1,1111111814
ERI005-01,1111815,01/11/2022,21:36:17,0,1111111815
LAP067-01,1111816,02/12/2022,11:45:07,0,1111111816
BUE076-02,1111817,09/11/2022,06:01:09,1,1111111817
ERI005-03,1111818,13/11/2022,13:16:43,0,1111111818
RNO068-01,1111819,25/11/2022,21:42:53,1,1111111819
CAB000-16,1111820,23/11/2022,22:26:47,0,1111111820
BUE131-06,1111821,13/11/2022,15:56:33,1,1111111821
CHU047-01,1111822,18/11/2022,02:30:33,1,1111111822
BUE086-01,1111823,04/11/2022,17:04:36,0,1111111823
SAL020-01,1111824,06/11/2022,08:03:48,0,1111111824
JUJ002-01,1111825,22/11/2022,16:46:56,1,1111111825
BUE008-06,1111826,04/11/2022,18:16:59,1,1111111826
BUE031-05,1111827,22/11/2022,23:53:06,1,1111111827
SFE020-01,1111828,15/11/2022,06:12:04,1,1111111828
CAT003-02,1111829,27/11/2022,06:41:17,1,1111111829
NEU025-11,1111830,20/11/2022,11:01:46,1,1111111830
CHA002-01,1111831,02/11/2022,13:41:45,0,1111111831
CHU037-01,1111832,26/11/2022,11:24:37,0,1111111832
BUE101-07,1111833,06/11/2022,14:42:28,0,1111111833
MZA008-02,1111834,04/11/2022,09:31:33,1,1111111834
CHU032-01,1111835,17/11/2022,01:23:15,1,1111111835
SFE020-01,1111836,02/11/2022,15:24:49,1,1111111836
BUE071-01,1111837,30/11/2022,23:38:18,1,1111111837
SFE360-01,1111838,03/11/2022,14:56:32,1,1111111838
CHA059-02,1111839,20/11/2022,17:02:46,1,1111111839
MZA017-01,1111840,09/11/2022,12:33:42,0,1111111840
MZA013-02,1111841,15/11/2022,01:53:50,0,1111111841
RNO017-01,1111842,13/11/2022,11:02:32,1,1111111842
BUE046-01,1111843,10/11/2022,16:41:27,1,1111111843
SFE336-01,1111844,07/11/2022,13:54:15,1,1111111844
BUE008-06,1111845,09/11/2022,11:41:43,1,1111111845
TUC107-01,1111846,24/11/2022,06:35:26,0,1111111846
CAB000-12,1111847,11/11/2022,21:02:55,1,1111111847
BUE126-01,1111848,05/11/2022,18:58:20,1,1111111848
SGO068-01,1111849,06/11/2022,00:14:20,1,1111111849
SGO068-01,1111850,01/12/2022,21:06:09,1,1111111850
CHA041-01,1111851,17/11/2022,20:04:24,1,1111111851
CHU018-01,1111852,07/11/2022,02:52:10,1,1111111852
NEU022-01,1111853,29/11/2022,02:53:32,0,1111111853
CBA233-01,1111854,01/11/2022,07:25:18,0,1111111854
CHU008-01,1111855,02/11/2022,13:14:51,0,1111111855
CBA148-01,1111856,06/11/2022,21:12:51,1,1111111856
ERI016-01,1111857,25/11/2022,18:55:45,1,1111111857
TUC006-01,1111858,05/11/2022,18:27:15,1,1111111858
CBA405-01,1111859,13/11/2022,09:30:24,0,1111111859
RNO037-04,1111860,12/11/2022,10:56:29,0,1111111860
BUE049-03,1111861,19/11/2022,04:36:38,1,1111111861
SJU017-02,1111862,20/11/2022,14:38:48,0,1111111862
SCR016-02,1111863,19/11/2022,10:54:35,0,1111111863
CHU022-01,1111864,11/11/2022,05:23:23,0,1111111864
BUE072-01,1111865,07/11/2022,15:11:40,0,1111111865
NEU025-04,1111866,15/11/2022,14:56:46,1,1111111866
COR002-01,1111867,21/11/2022,23:35:32,0,1111111867
BUE076-03,1111868,27/11/2022,06:38:31,0,1111111868
SCR010-02,1111869,20/11/2022,23:29:22,1,1111111869
RNO065-01,1111870,11/11/2022,10:40:48,0,1111111870
SAL059-01,1111871,12/11/2022,06:08:42,0,1111111871
CHU046-01,1111872,21/11/2022,10:31:50,1,1111111872
CBA051-01,1111873,12/11/2022,14:11:00,1,1111111873
SFE100-01,1111874,12/11/2022,23:21:09,1,1111111874
ERI068-01,1111875,01/11/2022,04:22:27,0,1111111875
SAL034-01,1111876,21/11/2022,15:10:43,1,1111111876
SFE305-05,1111877,02/11/2022,18:26:05,1,1111111877
JUJ042-01,1111878,08/11/2022,17:16:42,0,1111111878
TUC013-01,1111879,19/11/2022,23:16:53,0,1111111879
BUE133-01,1111880,18/11/2022,20:09:39,1,1111111880
SGO102-01,1111881,15/11/2022,12:45:09,0,1111111881
SJU006-01,1111882,03/11/2022,02:43:41,1,1111111882
JUJ041-01,1111883,04/11/2022,12:30:39,0,1111111883
MIS059-05,1111884,10/11/2022,07:27:59,1,1111111884
BUE131-08,1111885,20/11/2022,01:28:40,0,1111111885
SFE336-01,1111886,02/12/2022,18:30:52,0,1111111886
CAB000-16,1111887,11/11/2022,20:52:57,1,1111111887
CHU031-01,1111888,05/11/2022,05:39:03,1,1111111888
TUC112-01,1111889,20/11/2022,11:38:15,0,1111111889
CHA001-01,1111890,08/11/2022,22:58:31,1,1111111890
FOR004-01,1111891,13/11/2022,05:42:53,1,1111111891
LAP034-01,1111892,08/11/2022,14:18:18,0,1111111892
SGO066-01,1111893,23/11/2022,20:38:47,0,1111111893
MIS063-01,1111894,09/11/2022,00:38:58,1,1111111894
TDF003-04,1111895,01/11/2022,02:38:10,1,1111111895
BUE048-01,1111896,09/11/2022,01:32:21,0,1111111896
SCR014-01,1111897,23/11/2022,11:49:00,1,1111111897
TUC100-02,1111898,16/11/2022,03:54:12,0,1111111898
BUE063-02,1111899,25/11/2022,16:10:57,0,1111111899
RNO052-01,1111900,01/12/2022,08:26:52,1,1111111900
BUE083-03,1111901,02/12/2022,17:27:18,1,1111111901
CHA039-01,1111902,20/11/2022,14:36:56,0,1111111902
BUE008-04,1111903,14/11/2022,04:37:50,1,1111111903
CBA011-02,1111904,01/12/2022,09:52:29,0,1111111904
RNO017-01,1111905,07/11/2022,16:47:35,0,1111111905
LRJ013-01,1111906,30/11/2022,00:53:18,0,1111111906
CAT028-01,1111907,03/11/2022,07:16:26,1,1111111907
SLU057-01,1111908,06/11/2022,12:54:38,0,1111111908
CBA329-01,1111909,09/11/2022,14:43:55,1,1111111909
CBA011-02,1111910,21/11/2022,23:01:46,0,1111111910
TUC037-01,1111911,17/11/2022,14:11:33,1,1111111911
LAP060-01,1111912,02/11/2022,21:50:39,0,1111111912
NEU007-02,1111913,14/11/2022,13:10:53,1,1111111913
TUC100-03,1111914,19/11/2022,13:25:41,1,1111111914
ERI037-03,1111915,02/11/2022,17:02:28,0,1111111915
MZA001-01,1111916,27/11/2022,20:05:01,0,1111111916
ERI013-02,1111917,02/12/2022,20:25:18,1,1111111917
SFE143-01,1111918,18/11/2022,03:49:02,1,1111111918
NEU025-12,1111919,08/11/2022,13:13:49,0,1111111919
BUE056-01,1111920,16/11/2022,00:31:00,0,1111111920
TUC012-02,1111921,10/11/2022,17:56:25,0,1111111921
SFE033-01,1111922,02/11/2022,14:22:06,1,1111111922
SAL048-01,1111923,16/11/2022,22:01:40,0,1111111923
TUC012-01,1111924,24/11/2022,07:17:45,0,1111111924
TUC100-03,1111925,01/11/2022,02:23:28,1,1111111925
SJU003-01,1111926,21/11/2022,00:23:47,1,1111111926
MIS064-01,1111927,07/11/2022,14:48:34,1,1111111927
BUE056-04,1111928,06/11/2022,11:16:56,0,1111111928
TUC055-01,1111929,05/11/2022,04:35:08,1,1111111929
MZA012-01,1111930,17/11/2022,15:45:43,0,1111111930
SAL005-01,1111931,09/11/2022,06:17:34,1,1111111931
CBA052-01,1111932,25/11/2022,06:52:37,1,1111111932
COR018-01,1111933,23/11/2022,14:18:45,0,1111111933
BUE101-06,1111934,23/11/2022,03:14:30,1,1111111934
CBA233-01,1111935,23/11/2022,20:51:46,1,1111111935
SLU003-02,1111936,01/11/2022,02:31:29,1,1111111936
SFE143-01,1111937,05/11/2022,16:30:41,1,1111111937
BUE015-01,1111938,12/11/2022,13:55:04,0,1111111938
COR067-02,1111939,28/11/2022,03:42:25,1,1111111939
CBA218-02,1111940,10/11/2022,10:22:04,1,1111111940
JUJ004-01,1111941,29/11/2022,06:46:37,0,1111111941
RNO033-03,1111942,01/11/2022,14:04:59,1,1111111942
JUJ002-01,1111943,05/11/2022,16:25:42,0,1111111943
CHU028-01,1111944,05/11/2022,01:49:44,1,1111111944
COR006-01,1111945,14/11/2022,16:26:21,0,1111111945
CBA100-03,1111946,01/12/2022,12:16:52,1,1111111946
BUE066-01,1111947,18/11/2022,05:59:30,0,1111111947
CHA063-01,1111948,02/12/2022,02:48:45,0,1111111948
CHA063-01,1111949,13/11/2022,15:38:58,0,1111111949
BUE088-02,1111950,02/11/2022,23:37:22,1,1111111950
BUE063-03,1111951,13/11/2022,07:06:43,0,1111111951
NEU007-02,1111952,18/11/2022,06:58:43,1,1111111952
BUE031-06,1111953,21/11/2022,21:49:38,1,1111111953
ERI054-01,1111954,02/12/2022,15:28:35,0,1111111954
BUE024-01,1111955,08/11/2022,21:07:13,1,1111111955
BUE105-01,1111956,13/11/2022,12:41:03,1,1111111956
ERI051-01,1111957,15/11/2022,22:05:51,0,1111111957
MIS052-02,1111958,02/12/2022,04:30:40,1,1111111958
CBA258-01,1111959,20/11/2022,12:29:42,1,1111111959
SCR010-02,1111960,28/11/2022,10:07:21,0,1111111960
BUE067-01,1111961,26/11/2022,02:53:54,1,1111111961
MZA016-03,1111962,26/11/2022,05:35:39,1,1111111962
CAT025-01,1111963,09/11/2022,06:55:01,1,1111111963
LRJ011-01,1111964,20/11/2022,23:30:13,0,1111111964
SFE284-01,1111965,19/11/2022,06:52:56,1,1111111965
MIS053-01,1111966,02/12/2022,14:51:11,0,1111111966
FOR001-01,1111967,11/11/2022,06:39:04,1,1111111967
LRJ012-01,1111968,26/11/2022,08:10:47,1,1111111968
COR064-01,1111969,10/11/2022,08:33:11,0,1111111969
RNO035-01,1111970,04/11/2022,23:22:59,0,1111111970
CAT009-01,1111971,01/12/2022,19:20:52,0,1111111971
SFE326-01,1111972,15/11/2022,20:14:15,0,1111111972
BUE130-01,1111973,07/11/2022,14:40:30,1,1111111973
NEU012-01,1111974,08/11/2022,19:20:26,1,1111111974
BUE101-07,1111975,16/11/2022,16:42:18,1,1111111975
SJU008-01,1111976,02/11/2022,09:44:45,1,1111111976
ERI035-02,1111977,05/11/2022,03:49:31,0,1111111977
RNO037-03,1111978,18/11/2022,10:43:14,1,1111111978
LAP029-01,1111979,13/11/2022,14:40:43,1,1111111979
BUE053-02,1111980,06/11/2022,21:59:35,1,1111111980
ERI025-01,1111981,16/11/2022,06:38:33,1,1111111981
BUE072-01,1111982,02/11/2022,18:13:21,0,1111111982
RNO017-02,1111983,10/11/2022,06:07:52,0,1111111983
CBA311-01,1111984,05/11/2022,03:08:54,1,1111111984
BUE101-02,1111985,27/11/2022,11:46:10,0,1111111985
CAB000-06,1111986,25/11/2022,19:33:34,1,1111111986
NEU025-13,1111987,18/11/2022,03:46:59,1,1111111987
CHU028-01,1111988,07/11/2022,01:27:43,1,1111111988
MIS061-01,1111989,08/11/2022,10:48:25,0,1111111989
TDF003-08,1111990,05/11/2022,03:23:46,1,1111111990
CHU008-01,1111991,28/11/2022,02:34:49,1,1111111991
BUE036-02,1111992,28/11/2022,19:13:49,0,1111111992
BUE111-01,1111993,20/11/2022,13:46:56,0,1111111993
TUC100-01,1111994,10/11/2022,00:46:02,1,1111111994
SAL054-01,1111995,24/11/2022,12:21:30,1,1111111995
BUE076-02,1111996,09/11/2022,16:00:21,0,1111111996
ERI016-02,1111997,06/11/2022,11:33:59,1,1111111997
SFE305-01,1111998,05/11/2022,23:47:06,1,1111111998
MZA004-01,1111999,30/11/2022,08:53:43,1,1111111999
RNO033-02,1112000,10/11/2022,16:43:30,1,1111112000
BUE014-01,1112001,29/11/2022,00:38:28,0,1111112001
BUE091-01,1112002,22/11/2022,18:25:22,0,1111112002
BUE102-01,1112003,30/11/2022,10:34:11,1,1111112003
MZA012-01,1112004,30/11/2022,16:09:46,0,1111112004
ERI056-01,1112005,24/11/2022,12:33:23,0,1111112005
BUE131-22,1112006,19/11/2022,15:34:09,0,1111112006
CBA157-01,1112007,20/11/2022,16:37:45,0,1111112007
SFE188-01,1112008,24/11/2022,15:13:01,1,1111112008
SFE288-01,1112009,01/11/2022,04:10:25,1,1111112009
BUE118-01,1112010,21/11/2022,19:32:05,1,1111112010
CHA028-01,1112011,11/11/2022,04:47:10,1,1111112011
ERI004-01,1112012,24/11/2022,23:38:40,1,1111112012
CBA107-01,1112013,10/11/2022,08:09:21,0,1111112013
RNO037-03,1112014,08/11/2022,14:42:16,0,1111112014
BUE007-01,1112015,18/11/2022,14:31:26,1,1111112015
CHU022-04,1112016,04/11/2022,09:46:18,1,1111112016
BUE064-05,1112017,19/11/2022,13:42:58,0,1111112017
CBA277-01,1112018,30/11/2022,19:51:45,0,1111112018
CBA263-02,1112019,23/11/2022,11:22:17,0,1111112019
CHA024-01,1112020,17/11/2022,14:41:37,1,1111112020
RNO037-02,1112021,12/11/2022,12:32:37,1,1111112021
RNO037-01,1112022,19/11/2022,17:05:34,1,1111112022
CAT015-01,1112023,05/11/2022,08:18:55,1,1111112023
SFE242-01,1112024,18/11/2022,16:47:16,0,1111112024
BUE056-05,1112025,01/11/2022,15:40:36,1,1111112025
BUE067-05,1112026,11/11/2022,13:51:44,1,1111112026
BUE071-01,1112027,01/12/2022,19:09:25,1,1111112027
SFE224-01,1112028,12/11/2022,21:05:53,0,1111112028
SFE243-01,1112029,01/11/2022,01:40:16,0,1111112029
JUJ042-01,1112030,24/11/2022,13:01:10,0,1111112030
SFE011-01,1112031,01/12/2022,22:02:03,1,1111112031
SFE143-01,1112032,29/11/2022,21:49:58,1,1111112032
SJU016-01,1112033,22/11/2022,19:33:08,1,1111112033
SJU006-01,1112034,08/11/2022,01:17:26,0,1111112034
SFE290-01,1112035,02/11/2022,22:38:48,1,1111112035
BUE090-03,1112036,07/11/2022,05:59:59,1,1111112036
ERI058-01,1112037,30/11/2022,09:34:41,0,1111112037
CAT017-01,1112038,20/11/2022,14:09:37,1,1111112038
FOR033-01,1112039,19/11/2022,16:11:30,1,1111112039
LAP034-02,1112040,26/11/2022,21:13:39,0,1111112040
JUJ013-03,1112041,19/11/2022,15:47:18,1,1111112041
MIS052-01,1112042,02/11/2022,06:38:01,0,1111112042
CBA193-01,1112043,20/11/2022,20:35:00,1,1111112043
SFE325-01,1112044,10/11/2022,20:16:16,0,1111112044
CHA002-03,1112045,02/12/2022,05:43:36,1,1111112045
BUE131-16,1112046,29/11/2022,16:12:31,0,1111112046
SGO034-01,1112047,03/11/2022,23:22:23,0,1111112047
FOR002-01,1112048,06/11/2022,14:48:24,1,1111112048
RNO037-01,1112049,03/11/2022,06:11:30,0,1111112049
BUE053-01,1112050,09/11/2022,04:40:37,1,1111112050
CBA234-01,1112051,18/11/2022,17:49:21,1,1111112051
CBA411-01,1112052,16/11/2022,09:11:25,0,1111112052
NEU025-08,1112053,19/11/2022,23:18:04,0,1111112053
COR068-01,1112054,05/11/2022,17:51:07,0,1111112054
MIS060-01,1112055,16/11/2022,00:01:44,1,1111112055
CAT003-02,1112056,01/11/2022,18:34:22,1,1111112056
BUE036-01,1112057,16/11/2022,23:25:58,0,1111112057
CBA357-01,1112058,09/11/2022,12:14:53,1,1111112058
TUC106-01,1112059,27/11/2022,19:57:12,0,1111112059
MIS042-01,1112060,10/11/2022,14:00:20,1,1111112060
BUE088-02,1112061,16/11/2022,22:41:36,0,1111112061
SGO078-03,1112062,03/11/2022,06:06:00,1,1111112062
JUJ047-01,1112063,24/11/2022,23:20:40,1,1111112063
BUE101-01,1112064,11/11/2022,16:31:57,0,1111112064
CHA059-03,1112065,02/11/2022,20:46:24,1,1111112065
TDF001-01,1112066,05/11/2022,13:44:04,0,1111112066
TUC007-01,1112067,28/11/2022,03:45:30,1,1111112067
SFE266-02,1112068,02/11/2022,05:22:30,0,1111112068
NEU025-02,1112069,13/11/2022,11:30:43,0,1111112069
ERI022-01,1112070,14/11/2022,04:10:08,0,1111112070
SFE028-01,1112071,20/11/2022,00:57:42,0,1111112071
COR027-01,1112072,20/11/2022,18:41:20,0,1111112072
SJU010-01,1112073,02/12/2022,02:34:55,0,1111112073
CBA158-03,1112074,12/11/2022,05:21:37,1,1111112074
BUE001-02,1112075,22/11/2022,17:44:18,1,1111112075
BUE015-01,1112076,07/11/2022,13:29:11,1,1111112076
BUE118-01,1112077,17/11/2022,03:41:54,1,1111112077
CBA263-02,1112078,01/11/2022,11:06:58,1,1111112078
CBA106-01,1112079,23/11/2022,00:38:26,1,1111112079
NEU017-01,1112080,17/11/2022,22:08:56,1,1111112080
BUE067-07,1112081,25/11/2022,13:48:58,1,1111112081
SAL047-01,1112082,15/11/2022,03:01:17,0,1111112082
MZA011-01,1112083,24/11/2022,06:50:38,0,1111112083
CAB000-13,1112084,26/11/2022,18:47:05,0,1111112084
BUE090-04,1112085,21/11/2022,13:45:55,0,1111112085
SFE326-01,1112086,02/11/2022,03:44:39,0,1111112086
MIS032-01,1112087,20/11/2022,22:35:30,1,1111112087
SAL031-01,1112088,02/11/2022,06:41:16,1,1111112088
SFE348-01,1112089,11/11/2022,19:10:39,1,1111112089
CAT005-02,1112090,02/12/2022,00:21:58,1,1111112090
RNO037-04,1112091,02/11/2022,01:19:11,0,1111112091
BUE090-02,1112092,08/11/2022,16:09:52,0,1111112092
CBA366-01,1112093,26/11/2022,09:52:46,0,1111112093
BUE008-01,1112094,12/11/2022,09:36:30,1,1111112094
SAL046-01,1112095,26/11/2022,12:20:38,0,1111112095
LAP067-01,1112096,26/11/2022,12:50:47,0,1111112096
COR049-01,1112097,07/11/2022,14:34:53,0,1111112097
BUE102-01,1112098,02/11/2022,15:09:27,1,1111112098
SCR018-02,1112099,10/11/2022,17:21:06,1,1111112099
CBA364-01,1112100,21/11/2022,19:23:28,0,1111112100
MIS057-04,1112101,17/11/2022,21:47:42,1,1111112101
SFE005-01,1112102,28/11/2022,17:09:37,0,1111112102
MZA006-01,1112103,11/11/2022,05:20:45,1,1111112103
JUJ033-01,1112104,11/11/2022,21:12:57,0,1111112104
MZA015-01,1112105,10/11/2022,21:15:01,0,1111112105
ERI025-01,1112106,08/11/2022,09:44:42,0,1111112106
SFE284-01,1112107,14/11/2022,10:54:18,0,1111112107
JUJ013-02,1112108,28/11/2022,01:46:45,1,1111112108
TUC112-01,1112109,05/11/2022,00:35:14,0,1111112109